{"cameraMode":{"drawMode":0,"name":"Shaded","section":"Shading Mode"},"sceneLighting":true,"audioPlay":false,"sceneViewState":{"showFog":true,"showMaterialUpdate":false,"showSkybox":true,"showFlares":true,"showImageEffects":true,"showParticleSystems":true},"in2DMode":false,"pivot":{"x":-1.754487156867981,"y":4.045502185821533,"z":-1.7811636924743653},"rotation":{"x":-0.32242831587791445,"y":0.10252795368432999,"z":-0.035150784999132159,"w":-0.9403778910636902},"size":8.720808029174805,"orthographic":false}