{"cameraMode":{"drawMode":0,"name":"Shaded","section":"Shading Mode"},"sceneLighting":false,"audioPlay":false,"sceneViewState":{"showFog":true,"showMaterialUpdate":false,"showSkybox":false,"showFlares":true,"showImageEffects":true,"showParticleSystems":true},"in2DMode":false,"pivot":{"x":-0.16170725226402284,"y":2.028982162475586,"z":-1.7833620309829713},"rotation":{"x":-0.02430587448179722,"y":0.012594231404364109,"z":-0.0003104579518549144,"w":-0.9996325373649597},"size":22.0,"orthographic":false}