{"cameraMode":{"drawMode":0,"name":"Shaded","section":"Shading Mode"},"sceneLighting":false,"audioPlay":false,"sceneViewState":{"showFog":true,"showMaterialUpdate":false,"showSkybox":false,"showFlares":true,"showImageEffects":true,"showParticleSystems":true},"in2DMode":false,"pivot":{"x":-0.16170725226402284,"y":2.028982162475586,"z":-1.7833620309829713},"rotation":{"x":0.02817680314183235,"y":-0.02638876996934414,"z":-0.0007440889603458345,"w":-0.9992557764053345},"size":22.0,"orthographic":false}