{"cameraMode":{"drawMode":0,"name":"Shaded","section":"Shading Mode"},"sceneLighting":false,"audioPlay":false,"sceneViewState":{"showFog":true,"showMaterialUpdate":false,"showSkybox":false,"showFlares":true,"showImageEffects":true,"showParticleSystems":true},"in2DMode":false,"pivot":{"x":19.539045333862306,"y":3.2837769985198976,"z":2.800180196762085},"rotation":{"x":-0.24553042650222779,"y":0.3297199010848999,"z":-0.08924191445112229,"w":-0.9072210788726807},"size":3.1436710357666017,"orthographic":false}