{"cameraMode":{"drawMode":0,"name":"Shaded","section":"Shading Mode"},"sceneLighting":false,"audioPlay":false,"sceneViewState":{"showFog":true,"showMaterialUpdate":false,"showSkybox":false,"showFlares":true,"showImageEffects":true,"showParticleSystems":true},"in2DMode":false,"pivot":{"x":0.0650782659649849,"y":3.410569429397583,"z":-0.9941090941429138},"rotation":{"x":0.05516430735588074,"y":-0.0005867336876690388,"z":-0.000027327389034326188,"w":-0.9984928965568543},"size":0.5751715898513794,"orthographic":false}