{"cameraMode":{"drawMode":0,"name":"Shaded","section":"Shading Mode"},"sceneLighting":false,"audioPlay":false,"sceneViewState":{"showFog":true,"showMaterialUpdate":false,"showSkybox":false,"showFlares":true,"showImageEffects":true,"showParticleSystems":true},"in2DMode":false,"pivot":{"x":0.6392226219177246,"y":-0.05188620090484619,"z":0.1541130542755127},"rotation":{"x":-0.28500986099243166,"y":0.2987978458404541,"z":-0.09401123225688935,"w":-0.9059062600135803},"size":3.143672466278076,"orthographic":false}