{"cameraMode":{"drawMode":0,"name":"Shaded","section":"Shading Mode"},"sceneLighting":true,"audioPlay":false,"sceneViewState":{"showFog":true,"showMaterialUpdate":false,"showSkybox":false,"showFlares":true,"showImageEffects":true,"showParticleSystems":true},"in2DMode":false,"pivot":{"x":0.7730000019073486,"y":3.7466979026794435,"z":-12.719490051269532},"rotation":{"x":0.1702207326889038,"y":-0.18620991706848145,"z":0.03146525099873543,"w":0.9672436714172363},"size":9.23959732055664,"orthographic":false}