{"cameraMode":{"drawMode":0,"name":"Shaded","section":"Shading Mode"},"sceneLighting":false,"audioPlay":false,"sceneViewState":{"showFog":true,"showMaterialUpdate":false,"showSkybox":false,"showFlares":true,"showImageEffects":true,"showParticleSystems":true},"in2DMode":false,"pivot":{"x":509.697021484375,"y":271.8841552734375,"z":-116.93055725097656},"rotation":{"x":0.10612845420837403,"y":-0.36389437317848208,"z":0.041802141815423968,"w":0.9244534373283386},"size":575.18310546875,"orthographic":false}