{"cameraMode":{"drawMode":0,"name":"Shaded","section":"Shading Mode"},"sceneLighting":false,"audioPlay":false,"sceneViewState":{"showFog":true,"showMaterialUpdate":false,"showSkybox":false,"showFlares":true,"showImageEffects":true,"showParticleSystems":true},"in2DMode":false,"pivot":{"x":-1.9899998903274537,"y":1.435120940208435,"z":2.890000104904175},"rotation":{"x":-0.2241106629371643,"y":-0.5173338055610657,"z":0.14251498878002168,"w":-0.8135412335395813},"size":10.345425605773926,"orthographic":false}