{"cameraMode":{"drawMode":0,"name":"Shaded","section":"Shading Mode"},"sceneLighting":true,"audioPlay":false,"sceneViewState":{"showFog":true,"showMaterialUpdate":false,"showSkybox":true,"showFlares":true,"showImageEffects":true,"showParticleSystems":true},"in2DMode":false,"pivot":{"x":15.308210372924805,"y":-11.429255485534668,"z":33.87247085571289},"rotation":{"x":-0.17001084983348847,"y":-0.7301841378211975,"z":0.19644281268119813,"w":-0.6319349408149719},"size":571.5767822265625,"orthographic":false}